{
  "small": 0.36536669772394514,
  "medium": 0.3162851058165846,
  "large": 0.31834819645947027
}